indicator_id,name,topic,source
AG.CON.FERT.PT.ZS,Fertilizer consumption (% of fertilizer production),Agriculture & Rural Development,World Development Indicators
AG.CON.FERT.ZS,Fertilizer consumption (kilograms per hectare of arable land),Agriculture & Rural Development,World Development Indicators
AG.LND.AGRI.K2,Agricultural land (sq. km),Agriculture & Rural Development,World Development Indicators
AG.LND.AGRI.ZS,Agricultural land (% of land area),Agriculture & Rural Development,World Development Indicators
AG.LND.ARBL.HA.PC,Arable land (hectares per person),Agriculture & Rural Development,World Development Indicators
AG.LND.ARBL.ZS,Arable land (% of land area),Agriculture & Rural Development,World Development Indicators
AG.LND.CREL.HA,Land under cereal production (hectares),Agriculture & Rural Development,World Development Indicators
AG.LND.CROP.ZS,Permanent cropland (% of land area),Agriculture & Rural Development,World Development Indicators
AG.LND.FRST.K2,Forest area (sq. km),Agriculture & Rural Development,World Development Indicators
AG.LND.FRST.ZS,Forest area (% of land area),Agriculture & Rural Development,World Development Indicators
AG.LND.TOTL.K2,Land area (sq. km),Environment,World Development Indicators
AG.PRD.CREL.MT,Cereal production (metric tons),Agriculture & Rural Development,World Development Indicators
AG.PRD.CROP.XD,Crop production index (2014-2016 = 100),Agriculture & Rural Development,World Development Indicators
AG.PRD.FOOD.XD,Food production index (2014-2016 = 100),Agriculture & Rural Development,World Development Indicators
AG.PRD.LVSK.XD,Livestock production index (2014-2016 = 100),Agriculture & Rural Development,World Development Indicators
AG.SRF.TOTL.K2,Surface area (sq. km),Environment,World Development Indicators
AG.YLD.CREL.KG,Cereal yield (kg per hectare),Agriculture & Rural Development,World Development Indicators
BG.GSR.NFSV.GD.ZS,Trade in services (% of GDP),Trade,World Development Indicators
BM.GSR.CMCP.ZS,"Communications, computer, etc. (% of service imports, BoP)",Economy & Growth,World Development Indicators
BM.GSR.FCTY.CD,"Primary income payments (BoP, current US$)",Economy & Growth,World Development Indicators
BM.GSR.GNFS.CD,"Imports of goods and services (BoP, current US$)",Trade,World Development Indicators
BM.GSR.INSF.ZS,"Insurance and financial services (% of service imports, BoP)",Private Sector,World Development Indicators
BM.GSR.MRCH.CD,"Goods imports (BoP, current US$)",Trade,World Development Indicators
BM.GSR.NFSV.CD,"Service imports (BoP, current US$)",Economy & Growth,World Development Indicators
BM.GSR.ROYL.CD,"Charges for the use of intellectual property, payments (BoP, current US$)",Science & Technology,World Development Indicators
BM.GSR.TOTL.CD,"Imports of goods, services and primary income (BoP, current US$)",Trade,World Development Indicators
BM.GSR.TRAN.ZS,"Transport services (% of service imports, BoP)",Economy & Growth,World Development Indicators
BM.GSR.TRVL.ZS,"Travel services (% of service imports, BoP)",Trade,World Development Indicators
BM.KLT.DINV.CD.WD,"Foreign direct investment, net outflows (BoP, current US$)",Financial Sector,World Development Indicators
BM.KLT.DINV.WD.GD.ZS,"Foreign direct investment, net outflows (% of GDP)",Economy & Growth,World Development Indicators
BM.TRF.PRVT.CD,"Secondary income, other sectors, payments (BoP, current US$)",Economy & Growth,World Development Indicators
BM.TRF.PWKR.CD.DT,"Personal remittances, paid (current US$)",Financial Sector,World Development Indicators
BX.GSR.CCIS.CD,"ICT service exports (BoP, current US$)",Trade,World Development Indicators
BX.GSR.CCIS.ZS,"ICT service exports (% of service exports, BoP)",Economy & Growth,World Development Indicators
BX.GSR.CMCP.ZS,"Communications, computer, etc. (% of service exports, BoP)",Trade,World Development Indicators
BX.GSR.FCTY.CD,"Primary income receipts (BoP, current US$)",Economy & Growth,World Development Indicators
BX.GSR.GNFS.CD,"Exports of goods and services (BoP, current US$)",Trade,World Development Indicators
BX.GSR.INSF.ZS,"Insurance and financial services (% of service exports, BoP)",Private Sector,World Development Indicators
BX.GSR.MRCH.CD,"Goods exports (BoP, current US$)",Trade,World Development Indicators
BX.GSR.NFSV.CD,"Service exports (BoP, current US$)",Trade,World Development Indicators
BX.GSR.ROYL.CD,"Charges for the use of intellectual property, receipts (BoP, current US$)",Science & Technology,World Development Indicators
BX.GSR.TOTL.CD,"Exports of goods, services and primary income (BoP, current US$)",Trade,World Development Indicators
BX.GSR.TRAN.ZS,"Transport services (% of service exports, BoP)",Economy & Growth,World Development Indicators
BX.GSR.TRVL.ZS,"Travel services (% of service exports, BoP)",Trade,World Development Indicators
BX.KLT.DINV.CD.WD,"Foreign direct investment, net inflows (BoP, current US$)",Financial Sector,World Development Indicators
BX.KLT.DINV.WD.GD.ZS,"Foreign direct investment, net inflows (% of GDP)",Economy & Growth,World Development Indicators
BX.PEF.TOTL.CD.WD,"Portfolio equity, net inflows (BoP, current US$)",Financial Sector,World Development Indicators
BX.TRF.CURR.CD,"Secondary income receipts (BoP, current US$)",Economy & Growth,World Development Indicators
BX.TRF.PWKR.CD,"Personal transfers, receipts (BoP, current US$)",Financial Sector,World Development Indicators
BX.TRF.PWKR.CD.DT,"Personal remittances, received (current US$)",Financial Sector,World Development Indicators
BX.TRF.PWKR.DT.GD.ZS,"Personal remittances, received (% of GDP)",Economy & Growth,World Development Indicators
CM.MKT.LCAP.CD,Market capitalization of listed domestic companies (current US$),Financial Sector,World Development Indicators
CM.MKT.LCAP.GD.ZS,Market capitalization of listed domestic companies (% of GDP),Financial Sector,World Development Indicators
CM.MKT.LDOM.NO,"Listed domestic companies, total",Financial Sector,World Development Indicators
CM.MKT.TRAD.CD,"Stocks traded, total value (current US$)",Financial Sector,World Development Indicators
CM.MKT.TRAD.GD.ZS,"Stocks traded, total value (% of GDP)",Financial Sector,World Development Indicators
DC.DAC.AUSL.CD,"Net bilateral aid flows from DAC donors, Australia (current US$)",Aid Effectiveness,World Development Indicators
DC.DAC.AUTL.CD,"Net bilateral aid flows from DAC donors, Austria (current US$)",Aid Effectiveness,World Development Indicators
DC.DAC.BELL.CD,"Net bilateral aid flows from DAC donors, Belgium (current US$)",Aid Effectiveness,World Development Indicators
DC.DAC.CANL.CD,"Net bilateral aid flows from DAC donors, Canada (current US$)",Aid Effectiveness,World Development Indicators
DC.DAC.CECL.CD,"Net bilateral aid flows from DAC donors, European Union institutions (current US$)",Aid Effectiveness,World Development Indicators
DC.DAC.CHEL.CD,"Net bilateral aid flows from DAC donors, Switzerland (current US$)",Aid Effectiveness,World Development Indicators
DC.DAC.CZEL.CD,"Net bilateral aid flows from DAC donors, Czechia (current US$)",Aid Effectiveness,World Development Indicators
DC.DAC.DEUL.CD,"Net bilateral aid flows from DAC donors, Germany (current US$)",Aid Effectiveness,World Development Indicators
DC.DAC.DNKL.CD,"Net bilateral aid flows from DAC donors, Denmark (current US$)",Aid Effectiveness,World Development Indicators
DC.DAC.ESPL.CD,"Net bilateral aid flows from DAC donors, Spain (current US$)",Aid Effectiveness,World Development Indicators
DC.DAC.FINL.CD,"Net bilateral aid flows from DAC donors, Finland (current US$)",Aid Effectiveness,World Development Indicators
DC.DAC.FRAL.CD,"Net bilateral aid flows from DAC donors, France (current US$)",Aid Effectiveness,World Development Indicators
DC.DAC.GBRL.CD,"Net bilateral aid flows from DAC donors, United Kingdom (current US$)",Aid Effectiveness,World Development Indicators
DC.DAC.GRCL.CD,"Net bilateral aid flows from DAC donors, Greece (current US$)",Aid Effectiveness,World Development Indicators
DC.DAC.HUNL.CD,"Net bilateral aid flows from DAC donors, Hungary (current US$)",Aid Effectiveness,World Development Indicators
DC.DAC.IRLL.CD,"Net bilateral aid flows from DAC donors, Ireland (current US$)",Aid Effectiveness,World Development Indicators
DC.DAC.ISLL.CD,"Net bilateral aid flows from DAC donors, Iceland (current US$)",Aid Effectiveness,World Development Indicators
DC.DAC.ITAL.CD,"Net bilateral aid flows from DAC donors, Italy (current US$)",Aid Effectiveness,World Development Indicators
DC.DAC.JPNL.CD,"Net bilateral aid flows from DAC donors, Japan (current US$)",Aid Effectiveness,World Development Indicators
DC.DAC.KORL.CD,"Net bilateral aid flows from DAC donors, Korea, Rep. (current US$)",Aid Effectiveness,World Development Indicators
DC.DAC.LUXL.CD,"Net bilateral aid flows from DAC donors, Luxembourg (current US$)",Aid Effectiveness,World Development Indicators
DC.DAC.NLDL.CD,"Net bilateral aid flows from DAC donors, Netherlands (current US$)",Aid Effectiveness,World Development Indicators
DC.DAC.NORL.CD,"Net bilateral aid flows from DAC donors, Norway (current US$)",Aid Effectiveness,World Development Indicators
DC.DAC.NZLL.CD,"Net bilateral aid flows from DAC donors, New Zealand (current US$)",Aid Effectiveness,World Development Indicators
DC.DAC.POLL.CD,"Net bilateral aid flows from DAC donors, Poland (current US$)",Aid Effectiveness,World Development Indicators
DC.DAC.PRTL.CD,"Net bilateral aid flows from DAC donors, Portugal (current US$)",Aid Effectiveness,World Development Indicators
DC.DAC.SVKL.CD,"Net bilateral aid flows from DAC donors, Slovak Republic (current US$)",Aid Effectiveness,World Development Indicators
DC.DAC.SVNL.CD,"Net bilateral aid flows from DAC donors, Slovenia (current US$)",Aid Effectiveness,World Development Indicators
DC.DAC.SWEL.CD,"Net bilateral aid flows from DAC donors, Sweden (current US$)",Aid Effectiveness,World Development Indicators
DC.DAC.TOTL.CD,"Net bilateral aid flows from DAC donors, Total (current US$)",Aid Effectiveness,World Development Indicators
DC.DAC.USAL.CD,"Net bilateral aid flows from DAC donors, United States (current US$)",Aid Effectiveness,World Development Indicators
DT.NFL.FAOG.CD,"Net official flows from UN agencies, FAO (current US$)",Aid Effectiveness,World Development Indicators
DT.NFL.IAEA.CD,"Net official flows from UN agencies, IAEA (current US$)",Aid Effectiveness,World Development Indicators
DT.NFL.IFAD.CD,"Net official flows from UN agencies, IFAD (current US$)",Aid Effectiveness,World Development Indicators
DT.NFL.ILOG.CD,"Net official flows from UN agencies, ILO (current US$)",Aid Effectiveness,World Development Indicators
DT.NFL.MIBR.CD,"Net financial flows, IBRD (NFL, current US$)",External Debt,World Development Indicators
DT.NFL.MIDA.CD,"Net financial flows, IDA (NFL, current US$)",External Debt,World Development Indicators
DT.NFL.NIFC.CD,"IFC, private nonguaranteed (NFL, US$)",External Debt,World Development Indicators
DT.NFL.UNAI.CD,"Net official flows from UN agencies, UNAIDS (current US$)",Aid Effectiveness,World Development Indicators
DT.NFL.UNCF.CD,"Net official flows from UN agencies, UNICEF (current US$)",Aid Effectiveness,World Development Indicators
DT.NFL.UNCR.CD,"Net official flows from UN agencies, UNHCR (current US$)",Aid Effectiveness,World Development Indicators
DT.NFL.UNDP.CD,"Net official flows from UN agencies, UNDP (current US$)",Aid Effectiveness,World Development Indicators
DT.NFL.UNEC.CD,"Net official flows from UN agencies, UNECE (current US$)",Aid Effectiveness,World Development Indicators
DT.NFL.UNEP.CD,"Net official flows from UN agencies, UNEP (current US$)",Aid Effectiveness,World Development Indicators
DT.NFL.UNFP.CD,"Net official flows from UN agencies, UNFPA (current US$)",Aid Effectiveness,World Development Indicators
DT.NFL.UNPB.CD,"Net official flows from UN agencies, UNPBF (current US$)",Aid Effectiveness,World Development Indicators
DT.NFL.UNRW.CD,"Net official flows from UN agencies, UNRWA (current US$)",Aid Effectiveness,World Development Indicators
DT.NFL.UNTA.CD,"Net official flows from UN agencies, UNTA (current US$)",Aid Effectiveness,World Development Indicators
DT.NFL.UNWT.CD,"Net official flows from UN agencies, UNWTO (current US$)",Aid Effectiveness,World Development Indicators
DT.NFL.WFPG.CD,"Net official flows from UN agencies, WFP (current US$)",Aid Effectiveness,World Development Indicators
DT.NFL.WHOL.CD,"Net official flows from UN agencies, WHO (current US$)",Aid Effectiveness,World Development Indicators
DT.ODA.ALLD.CD,Net official development assistance and official aid received (current US$),Aid Effectiveness,World Development Indicators
DT.ODA.ALLD.KD,Net official development assistance and official aid received (constant 2021 US$),Aid Effectiveness,World Development Indicators
DT.ODA.ODAT.CD,Net official development assistance received (current US$),Economy & Growth,World Development Indicators
DT.ODA.ODAT.GI.ZS,Net ODA received (% of gross capital formation),Aid Effectiveness,World Development Indicators
DT.ODA.ODAT.GN.ZS,Net ODA received (% of GNI),Economy & Growth,World Development Indicators
DT.ODA.ODAT.KD,Net official development assistance received (constant 2021 US$),Aid Effectiveness,World Development Indicators
DT.ODA.ODAT.MP.ZS,"Net ODA received (% of imports of goods, services and primary income)",Aid Effectiveness,World Development Indicators
DT.ODA.ODAT.PC.ZS,Net ODA received per capita (current US$),Economy & Growth,World Development Indicators
EG.CFT.ACCS.RU.ZS,"Access to clean fuels and technologies for cooking, rural (% of rural population)",Environment,World Development Indicators
EG.CFT.ACCS.UR.ZS,"Access to clean fuels and technologies for cooking, urban (% of urban population)",Environment,World Development Indicators
EG.CFT.ACCS.ZS,Access to clean fuels and technologies for cooking (% of population),Environment,World Development Indicators
EG.EGY.PRIM.PP.KD,Energy intensity level of primary energy (MJ/$2017 PPP GDP),Environment,World Development Indicators
EG.ELC.ACCS.RU.ZS,"Access to electricity, rural (% of rural population)",Agriculture & Rural Development,World Development Indicators
EG.ELC.ACCS.UR.ZS,"Access to electricity, urban (% of urban population)",Urban Development,World Development Indicators
EG.ELC.ACCS.ZS,Access to electricity (% of population),Energy & Mining,World Development Indicators
EG.ELC.COAL.ZS,Electricity production from coal sources (% of total),Energy & Mining,World Development Indicators
EG.ELC.FOSL.ZS,"Electricity production from oil, gas and coal sources (% of total)",Environment,World Development Indicators
EG.ELC.HYRO.ZS,Electricity production from hydroelectric sources (% of total),Infrastructure,World Development Indicators
EG.ELC.LOSS.ZS,Electric power transmission and distribution losses (% of output),Infrastructure,World Development Indicators
EG.ELC.NGAS.ZS,Electricity production from natural gas sources (% of total),Climate Change,World Development Indicators
EG.ELC.NUCL.ZS,Electricity production from nuclear sources (% of total),Infrastructure,World Development Indicators
EG.ELC.PETR.ZS,Electricity production from oil sources (% of total),Energy & Mining,World Development Indicators
EG.ELC.RNEW.ZS,Renewable electricity output (% of total electricity output),Environment,World Development Indicators
EG.ELC.RNWX.KH,"Electricity production from renewable sources, excluding hydroelectric (kWh)",Environment,World Development Indicators
EG.ELC.RNWX.ZS,"Electricity production from renewable sources, excluding hydroelectric (% of total)",Environment,World Development Indicators
EG.FEC.RNEW.ZS,Renewable energy consumption (% of total final energy consumption),Environment,World Development Indicators
EG.GDP.PUSE.KO.PP,GDP per unit of energy use (PPP $ per kg of oil equivalent),Energy & Mining,World Development Indicators
EG.GDP.PUSE.KO.PP.KD,GDP per unit of energy use (constant 2021 PPP $ per kg of oil equivalent),Energy & Mining,World Development Indicators
EG.IMP.CONS.ZS,"Energy imports, net (% of energy use)",Trade,World Development Indicators
EG.USE.COMM.CL.ZS,Alternative and nuclear energy (% of total energy use),Energy & Mining,World Development Indicators
EG.USE.COMM.GD.PP.KD,"Energy use (kg of oil equivalent) per $1,000 GDP (constant 2021 PPP)",Climate Change,World Development Indicators
EG.USE.CRNW.ZS,Combustible renewables and waste (% of total energy),Energy & Mining,World Development Indicators
EG.USE.ELEC.KH.PC,Electric power consumption (kWh per capita),Infrastructure,World Development Indicators
EG.USE.PCAP.KG.OE,Energy use (kg of oil equivalent per capita),Energy & Mining,World Development Indicators
EN.ATM.PM25.MC.M3,"PM2.5 air pollution, mean annual exposure (micrograms per cubic meter)",Environment,World Development Indicators
EN.GHG.ALL.LU.MT.CE.AR5,Total greenhouse gas emissions including LULUCF (Mt CO2e),Environment,World Development Indicators
EN.GHG.ALL.MT.CE.AR5,Total greenhouse gas emissions excluding LULUCF (Mt CO2e),Environment,World Development Indicators
EN.GHG.ALL.PC.CE.AR5,Total greenhouse gas emissions excluding LULUCF per capita (t CO2e/capita),Environment,World Development Indicators
EN.GHG.CH4.AG.MT.CE.AR5,Methane (CH4) emissions from Agriculture (Mt CO2e),Environment,World Development Indicators
EN.GHG.CH4.BU.MT.CE.AR5,Methane (CH4) emissions from Building (Energy) (Mt CO2e),Environment,World Development Indicators
EN.GHG.CH4.FE.MT.CE.AR5,Methane (CH4) emissions from Fugitive Emissions (Energy) (Mt CO2e),Environment,World Development Indicators
EN.GHG.CH4.IC.MT.CE.AR5,Methane (CH4) emissions from Industrial Combustion (Energy) (Mt CO2e),Environment,World Development Indicators
EN.GHG.CH4.IP.MT.CE.AR5,Methane (CH4) emissions from Industrial Processes (Mt CO2e),Environment,World Development Indicators
EN.GHG.CH4.MT.CE.AR5,Methane (CH4) emissions (total) excluding LULUCF (Mt CO2e),Environment,World Development Indicators
EN.GHG.CH4.PI.MT.CE.AR5,Methane (CH4) emissions from Power Industry (Energy) (Mt CO2e),Environment,World Development Indicators
EN.GHG.CH4.TR.MT.CE.AR5,Methane (CH4) emissions from Transport (Energy) (Mt CO2e),Environment,World Development Indicators
EN.GHG.CH4.WA.MT.CE.AR5,Methane (CH4) emissions from Waste (Mt CO2e),Environment,World Development Indicators
EN.GHG.CH4.ZG.AR5,Methane (CH4) emissions (total) excluding LULUCF (% change from 1990),Environment,World Development Indicators
EN.GHG.CO2.AG.MT.CE.AR5,Carbon dioxide (CO2) emissions from Agriculture (Mt CO2e),Environment,World Development Indicators
EN.GHG.CO2.BU.MT.CE.AR5,Carbon dioxide (CO2) emissions from Building (Energy) (Mt CO2e),Environment,World Development Indicators
EN.GHG.CO2.FE.MT.CE.AR5,Carbon dioxide (CO2) emissions from Fugitive Emissions (Energy) (Mt CO2e),Environment,World Development Indicators
EN.GHG.CO2.IC.MT.CE.AR5,Carbon dioxide (CO2) emissions from Industrial Combustion (Energy) (Mt CO2e),Environment,World Development Indicators
EN.GHG.CO2.IP.MT.CE.AR5,Carbon dioxide (CO2) emissions from Industrial Processes (Mt CO2e),Environment,World Development Indicators
EN.GHG.CO2.LU.DF.MT.CE.AR5,Carbon dioxide (CO2) net fluxes from LULUCF - Deforestation (Mt CO2e),Environment,World Development Indicators
EN.GHG.CO2.LU.FL.MT.CE.AR5,Carbon dioxide (CO2) net fluxes from LULUCF - Forest Land (Mt CO2e),Environment,World Development Indicators
EN.GHG.CO2.LU.MT.CE.AR5,Carbon dioxide (CO2) net fluxes from LULUCF - Total excluding non-tropical fires (Mt CO2e),Environment,World Development Indicators
EN.GHG.CO2.LU.OL.MT.CE.AR5,Carbon dioxide (CO2) net fluxes from LULUCF - Other Land (Mt CO2e),Environment,World Development Indicators
EN.GHG.CO2.LU.OS.MT.CE.AR5,Carbon dioxide (CO2) net fluxes from LULUCF - Organic Soil (Mt CO2e),Environment,World Development Indicators
EN.GHG.CO2.MT.CE.AR5,Carbon dioxide (CO2) emissions (total) excluding LULUCF (Mt CO2e),Environment,World Development Indicators
EN.GHG.CO2.PC.CE.AR5,Carbon dioxide (CO2) emissions excluding LULUCF per capita (t CO2e/capita),Environment,World Development Indicators
EN.GHG.CO2.PI.MT.CE.AR5,Carbon dioxide (CO2) emissions from Power Industry (Energy) (Mt CO2e),Environment,World Development Indicators
EN.GHG.CO2.RT.GDP.KD,Carbon intensity of GDP (kg CO2e per constant 2015 US$ of GDP),Environment,World Development Indicators
EN.GHG.CO2.RT.GDP.PP.KD,Carbon intensity of GDP (kg CO2e per 2021 PPP $ of GDP),Environment,World Development Indicators
EN.GHG.CO2.TR.MT.CE.AR5,Carbon dioxide (CO2) emissions from Transport (Energy) (Mt CO2e),Environment,World Development Indicators
EN.GHG.CO2.WA.MT.CE.AR5,Carbon dioxide (CO2) emissions from Waste (Mt CO2e),Environment,World Development Indicators
EN.GHG.CO2.ZG.AR5,Carbon dioxide (CO2) emissions (total) excluding LULUCF (% change from 1990),Environment,World Development Indicators
EN.GHG.FGAS.IP.MT.CE.AR5,F-gases emissions from Industrial Processes (Mt CO2e),Environment,World Development Indicators
EN.GHG.N2O.AG.MT.CE.AR5,Nitrous oxide (N2O) emissions from Agriculture (Mt CO2e),Environment,World Development Indicators
EN.GHG.N2O.BU.MT.CE.AR5,Nitrous oxide (N2O) emissions from Building (Energy) (Mt CO2e),Environment,World Development Indicators
EN.GHG.N2O.FE.MT.CE.AR5,Nitrous oxide (N2O) emissions from Fugitive Emissions (Energy) (Mt CO2e),Environment,World Development Indicators
EN.GHG.N2O.IC.MT.CE.AR5,Nitrous oxide (N2O) emissions from Industrial Combustion (Energy) (Mt CO2e),Environment,World Development Indicators
EN.GHG.N2O.IP.MT.CE.AR5,Nitrous oxide (N2O) emissions from Industrial Processes (Mt CO2e),Environment,World Development Indicators
EN.GHG.N2O.MT.CE.AR5,Nitrous oxide (N2O) emissions (total) excluding LULUCF (Mt CO2e),Environment,World Development Indicators
EN.GHG.N2O.PI.MT.CE.AR5,Nitrous oxide (N2O) emissions from Power Industry (Energy) (Mt CO2e),Environment,World Development Indicators
EN.GHG.N2O.TR.MT.CE.AR5,Nitrous oxide (N2O) emissions from Transport (Energy) (Mt CO2e),Environment,World Development Indicators
EN.GHG.N2O.WA.MT.CE.AR5,Nitrous oxide (N2O) emissions from Waste (Mt CO2e),Environment,World Development Indicators
EN.GHG.N2O.ZG.AR5,Nitrous oxide (N2O) emissions (total) excluding LULUCF (% change from 1990),Environment,World Development Indicators
EN.GHG.TOT.ZG.AR5,Total greenhouse gas emissions excluding LULUCF (% change from 1990),Environment,World Development Indicators
EN.POP.DNST,Population density (people per sq. km of land area),Urban Development,World Development Indicators
EN.URB.LCTY.UR.ZS,Population in the largest city (% of urban population),Urban Development,World Development Indicators
EN.URB.MCTY.TL.ZS,Population in urban agglomerations of more than 1 million (% of total population),Urban Development,World Development Indicators
ER.FSH.AQUA.MT,Aquaculture production (metric tons),Environment,World Development Indicators
ER.FSH.CAPT.MT,Capture fisheries production (metric tons),Environment,World Development Indicators
ER.FSH.PROD.MT,Total fisheries production (metric tons),Environment,World Development Indicators
ER.GDP.FWTL.M3.KD,"Water productivity, total (constant 2015 US$ GDP per cubic meter of total freshwater withdrawal)",Environment,World Development Indicators
ER.H2O.FWAG.ZS,"Annual freshwater withdrawals, agriculture (% of total freshwater withdrawal)",Agriculture & Rural Development,World Development Indicators
ER.H2O.FWDM.ZS,"Annual freshwater withdrawals, domestic (% of total freshwater withdrawal)",Environment,World Development Indicators
ER.H2O.FWIN.ZS,"Annual freshwater withdrawals, industry (% of total freshwater withdrawal)",Environment,World Development Indicators
ER.H2O.FWTL.K3,"Annual freshwater withdrawals, total (billion cubic meters)",Infrastructure,World Development Indicators
ER.H2O.FWTL.ZS,"Annual freshwater withdrawals, total (% of internal resources)",Infrastructure,World Development Indicators
ER.H2O.INTR.K3,"Renewable internal freshwater resources, total (billion cubic meters)",Environment,World Development Indicators
ER.H2O.INTR.PC,Renewable internal freshwater resources per capita (cubic meters),Environment,World Development Indicators
ER.LND.PTLD.ZS,Terrestrial protected areas (% of total land area),Environment,World Development Indicators
ER.MRN.PTMR.ZS,Marine protected areas (% of territorial waters),Environment,World Development Indicators
ER.PTD.TOTL.ZS,Terrestrial and marine protected areas (% of total territorial area),Environment,World Development Indicators
FB.ATM.TOTL.P5,"Automated teller machines (ATMs) (per 100,000 adults)",Financial Sector,World Development Indicators
FB.CBK.BRCH.P5,"Commercial bank branches (per 100,000 adults)",Financial Sector,World Development Indicators
FB.CBK.BRWR.P3,"Borrowers from commercial banks (per 1,000 adults)",Financial Sector,World Development Indicators
FD.AST.PRVT.GD.ZS,Domestic credit to private sector by banks (% of GDP),Financial Sector,World Development Indicators
FD.RES.LIQU.AS.ZS,Bank liquid reserves to bank assets ratio (%),Financial Sector,World Development Indicators
FI.RES.TOTL.MO,Total reserves in months of imports,Financial Sector,World Development Indicators
FM.AST.PRVT.GD.ZS,Monetary Sector credit to private sector (% GDP),Financial Sector,World Development Indicators
FM.LBL.BMNY.GD.ZS,Broad money (% of GDP),Financial Sector,World Development Indicators
FP.CPI.TOTL.ZG,"Inflation, consumer prices (annual %)",Financial Sector,World Development Indicators
FS.AST.CGOV.GD.ZS,"Claims on central government, etc. (% GDP)",Financial Sector,World Development Indicators
FS.AST.PRVT.GD.ZS,Domestic credit to private sector (% of GDP),Private Sector,World Development Indicators
FX.OWN.TOTL.40.ZS,"Account ownership at a financial institution or with a mobile-money-service provider, poorest 40% (% of population ages 15+)",Financial Sector,World Development Indicators
FX.OWN.TOTL.60.ZS,"Account ownership at a financial institution or with a mobile-money-service provider, richest 60% (% of population ages 15+)",Financial Sector,World Development Indicators
FX.OWN.TOTL.FE.ZS,"Account ownership at a financial institution or with a mobile-money-service provider, female (% of population ages 15+)",Financial Sector,World Development Indicators
FX.OWN.TOTL.MA.ZS,"Account ownership at a financial institution or with a mobile-money-service provider, male (% of population ages 15+)",Financial Sector,World Development Indicators
FX.OWN.TOTL.OL.ZS,"Account ownership at a financial institution or with a mobile-money-service provider, older adults (% of population ages 25+)",Financial Sector,World Development Indicators
FX.OWN.TOTL.PL.ZS,"Account ownership at a financial institution or with a mobile-money-service provider, primary education or less (% of population ages 15+)",Financial Sector,World Development Indicators
FX.OWN.TOTL.SO.ZS,"Account ownership at a financial institution or with a mobile-money-service provider, secondary education or more (% of population ages 15+)",Financial Sector,World Development Indicators
FX.OWN.TOTL.YG.ZS,"Account ownership at a financial institution or with a mobile-money-service provider, young adults (% of population ages 15-24)",Financial Sector,World Development Indicators
FX.OWN.TOTL.ZS,Account ownership at a financial institution or with a mobile-money-service provider (% of population ages 15+),Financial Sector,World Development Indicators
GB.XPD.RSDV.GD.ZS,Research and development expenditure (% of GDP),Science & Technology,World Development Indicators
GC.LBL.TOTL.GD.ZS,"Net incurrence of liabilities, total (% of GDP)",Public Sector,World Development Indicators
GC.NLD.TOTL.GD.ZS,Net lending (+) / net borrowing (-) (% of GDP),Public Sector,World Development Indicators
GC.REV.GOTR.ZS,Grants and other revenue (% of revenue),Public Sector,World Development Indicators
GC.REV.XGRT.GD.ZS,"Revenue, excluding grants (% of GDP)",Economy & Growth,World Development Indicators
GC.TAX.GSRV.RV.ZS,Taxes on goods and services (% of revenue),Public Sector,World Development Indicators
GC.TAX.INTT.RV.ZS,Taxes on international trade (% of revenue),Public Sector,World Development Indicators
GC.TAX.OTHR.RV.ZS,Other taxes (% of revenue),Public Sector,World Development Indicators
GC.TAX.TOTL.GD.ZS,Tax revenue (% of GDP),Public Sector,World Development Indicators
GC.TAX.YPKG.RV.ZS,"Taxes on income, profits and capital gains (% of revenue)",Public Sector,World Development Indicators
GC.XPN.COMP.ZS,Compensation of employees (% of expense),Public Sector,World Development Indicators
GC.XPN.GSRV.ZS,Goods and services expense (% of expense),Public Sector,World Development Indicators
GC.XPN.INTP.RV.ZS,Interest payments (% of revenue),Public Sector,World Development Indicators
GC.XPN.INTP.ZS,Interest payments (% of expense),Public Sector,World Development Indicators
GC.XPN.OTHR.ZS,Other expense (% of expense),Public Sector,World Development Indicators
GC.XPN.TOTL.GD.ZS,Expense (% of GDP),Economy & Growth,World Development Indicators
GC.XPN.TRFT.ZS,Subsidies and other transfers (% of expense),Public Sector,World Development Indicators
IC.BUS.NDNS.ZS,"New business density (new registrations per 1,000 people ages 15-64)",Private Sector,World Development Indicators
IC.CUS.DURS.EX,Average time to clear exports through customs (days),Trade,World Development Indicators
IC.FRM.BKWC.ZS,Firms using banks to finance working capital (% of firms) ,Private Sector,World Development Indicators
IC.FRM.BNKS.ZS,Firms using banks to finance investment (% of firms),Private Sector,World Development Indicators
IC.FRM.BRIB.ZS,Bribery incidence (% of firms experiencing at least one bribe payment request),Private Sector,World Development Indicators
IC.FRM.CMPU.ZS,Firms competing against unregistered firms (% of firms),Private Sector,World Development Indicators
IC.FRM.CORR.ZS,Informal payments to public officials (% of firms),Private Sector,World Development Indicators
IC.FRM.CRIM.ZS,Losses due to theft and vandalism (% of annual sales for affected firms),Private Sector,World Development Indicators
IC.FRM.DURS,Time required to obtain an operating license (days),Private Sector,World Development Indicators
IC.FRM.FEMM.ZS,Firms with female top manager (% of firms),Private Sector,World Development Indicators
IC.FRM.FEMO.ZS,Firms with female participation in ownership (% of firms),Gender,World Development Indicators
IC.FRM.FREG.ZS,Firms formally registered when operations started (% of firms),Private Sector,World Development Indicators
IC.FRM.METG.ZS,Firms visited or required meetings with tax officials (% of firms),Private Sector,World Development Indicators
IC.FRM.RSDV.ZS,Firms that spend on R&D (% of firms),Private Sector,World Development Indicators
IC.FRM.THEV.ZS,Firms experiencing losses due to theft and vandalism (% of firms),Private Sector,World Development Indicators
IC.FRM.TRNG.ZS,Firms offering formal training (% of firms),Private Sector,World Development Indicators
IC.GOV.DURS.ZS,Time spent dealing with the requirements of government regulations (% of senior management time),Private Sector,World Development Indicators
IC.TAX.GIFT.ZS,Firms expected to give gifts in meetings with tax officials (% of firms),Private Sector,World Development Indicators
IC.TAX.METG,Number of visits or required meetings with tax officials (average for affected firms),Private Sector,World Development Indicators
IP.IDS.NRCT,"Industrial design applications, nonresident, by count",Infrastructure,World Development Indicators
IP.IDS.RSCT,"Industrial design applications, resident, by count",Infrastructure,World Development Indicators
IP.JRN.ARTC.SC,Scientific and technical journal articles,Science & Technology,World Development Indicators
IP.PAT.NRES,"Patent applications, nonresidents",Science & Technology,World Development Indicators
IP.PAT.RESD,"Patent applications, residents",Science & Technology,World Development Indicators
IP.TMK.NRCT,"Trademark applications, nonresident, by count",Infrastructure,World Development Indicators
IP.TMK.RSCT,"Trademark applications, resident, by count",Infrastructure,World Development Indicators
IQ.CPA.BREG.XQ,CPIA business regulatory environment rating (1=low to 6=high),Public Sector,World Development Indicators
IQ.CPA.DEBT.XQ,CPIA debt policy rating (1=low to 6=high),Public Sector,World Development Indicators
IQ.CPA.ECON.XQ,CPIA economic management cluster average (1=low to 6=high),Public Sector,World Development Indicators
IQ.CPA.ENVR.XQ,CPIA policy and institutions for environmental sustainability rating (1=low to 6=high),Public Sector,World Development Indicators
IQ.CPA.FINQ.XQ,CPIA quality of budgetary and financial management rating (1=low to 6=high),Public Sector,World Development Indicators
IQ.CPA.FINS.XQ,CPIA financial sector rating (1=low to 6=high),Public Sector,World Development Indicators
IQ.CPA.FISP.XQ,CPIA fiscal policy rating (1=low to 6=high),Public Sector,World Development Indicators
IQ.CPA.GNDR.XQ,CPIA gender equality rating (1=low to 6=high),Public Sector,World Development Indicators
IQ.CPA.HRES.XQ,CPIA building human resources rating (1=low to 6=high),Public Sector,World Development Indicators
IQ.CPA.IRAI.XQ,IDA resource allocation index (1=low to 6=high),Public Sector,World Development Indicators
IQ.CPA.MACR.XQ,CPIA macroeconomic management rating (1=low to 6=high),Public Sector,World Development Indicators
IQ.CPA.PADM.XQ,CPIA quality of public administration rating (1=low to 6=high),Public Sector,World Development Indicators
IQ.CPA.PRES.XQ,CPIA equity of public resource use rating (1=low to 6=high),Public Sector,World Development Indicators
IQ.CPA.PROP.XQ,CPIA property rights and rule-based governance rating (1=low to 6=high),Public Sector,World Development Indicators
IQ.CPA.PROT.XQ,CPIA social protection rating (1=low to 6=high),Public Sector,World Development Indicators
IQ.CPA.PUBS.XQ,CPIA public sector management and institutions cluster average (1=low to 6=high),Public Sector,World Development Indicators
IQ.CPA.REVN.XQ,CPIA efficiency of revenue mobilization rating (1=low to 6=high),Public Sector,World Development Indicators
IQ.CPA.SOCI.XQ,CPIA policies for social inclusion/equity cluster average (1=low to 6=high),Public Sector,World Development Indicators
IQ.CPA.STRC.XQ,CPIA structural policies cluster average (1=low to 6=high),Public Sector,World Development Indicators
IQ.CPA.TRAD.XQ,CPIA trade rating (1=low to 6=high),Public Sector,World Development Indicators
IQ.CPA.TRAN.XQ,"CPIA transparency, accountability, and corruption in the public sector rating (1=low to 6=high)",Public Sector,World Development Indicators
IS.AIR.DPRT,"Air transport, registered carrier departures worldwide",Infrastructure,World Development Indicators
IS.AIR.GOOD.MT.K1,"Air transport, freight (million ton-km)",Infrastructure,World Development Indicators
IS.AIR.PSGR,"Air transport, passengers carried",Infrastructure,World Development Indicators
IS.SHP.GOOD.TU,Container port traffic (TEU: 20 foot equivalent units),Infrastructure,World Development Indicators
IT.CEL.SETS,Mobile cellular subscriptions,Infrastructure,World Development Indicators
IT.CEL.SETS.P2,Mobile cellular subscriptions (per 100 people),Infrastructure,World Development Indicators
IT.MLT.MAIN,Fixed telephone subscriptions,Infrastructure,World Development Indicators
IT.MLT.MAIN.P2,Fixed telephone subscriptions (per 100 people),Infrastructure,World Development Indicators
IT.NET.BBND,Fixed broadband subscriptions,Infrastructure,World Development Indicators
IT.NET.BBND.P2,Fixed broadband subscriptions (per 100 people),Infrastructure,World Development Indicators
IT.NET.SECR,Secure Internet servers,Infrastructure,World Development Indicators
IT.NET.SECR.P6,Secure Internet servers (per 1 million people),Infrastructure,World Development Indicators
IT.NET.USER.FE.ZS,"Individuals using the Internet, female (% of female population)",Infrastructure,World Development Indicators
IT.NET.USER.MA.ZS,"Individuals using the Internet, male (% of male population)",Infrastructure,World Development Indicators
IT.NET.USER.ZS,Individuals using the Internet (% of population),Infrastructure,World Development Indicators
LP.LPI.CUST.XQ,Logistics performance index: Efficiency of customs clearance process (1=low to 5=high),Private Sector,World Development Indicators
LP.LPI.INFR.XQ,Logistics performance index: Quality of trade and transport-related infrastructure (1=low to 5=high),Trade,World Development Indicators
LP.LPI.ITRN.XQ,Logistics performance index: Ease of arranging competitively priced shipments (1=low to 5=high),Private Sector,World Development Indicators
LP.LPI.LOGS.XQ,Logistics performance index: Competence and quality of logistics services (1=low to 5=high),Private Sector,World Development Indicators
LP.LPI.OVRL.XQ,Logistics performance index: Overall (1=low to 5=high),Private Sector,World Development Indicators
LP.LPI.TIME.XQ,Logistics performance index: Frequency with which shipments reach consignee within scheduled or expected time (1=low to 5=high),Private Sector,World Development Indicators
LP.LPI.TRAC.XQ,Logistics performance index: Ability to track and trace consignments (1=low to 5=high),Private Sector,World Development Indicators
MS.MIL.MPRT.KD,Arms imports (SIPRI trend indicator values),Trade,World Development Indicators
MS.MIL.TOTL.P1,"Armed forces personnel, total",Public Sector,World Development Indicators
MS.MIL.TOTL.TF.ZS,Armed forces personnel (% of total labor force),Public Sector,World Development Indicators
MS.MIL.XPND.CD,Military expenditure (current USD),Public Sector,World Development Indicators
MS.MIL.XPND.GD.ZS,Military expenditure (% of GDP),Public Sector,World Development Indicators
MS.MIL.XPND.ZS,Military expenditure (% of general government expenditure),Public Sector,World Development Indicators
MS.MIL.XPRT.KD,Arms exports (SIPRI trend indicator values),Trade,World Development Indicators
NE.CON.GOVT.CD,General government final consumption expenditure (current US$),Economy & Growth,World Development Indicators
NE.CON.GOVT.KD,General government final consumption expenditure (constant 2015 US$),Economy & Growth,World Development Indicators
NE.CON.GOVT.KD.ZG,General government final consumption expenditure (annual % growth),Economy & Growth,World Development Indicators
NE.CON.GOVT.ZS,General government final consumption expenditure (% of GDP),Economy & Growth,World Development Indicators
NE.CON.PRVT.CD,Households and NPISHs Final consumption expenditure (current US$),Economy & Growth,World Development Indicators
NE.CON.PRVT.KD,Households and NPISHs Final consumption expenditure (constant 2015 US$),Economy & Growth,World Development Indicators
NE.CON.PRVT.KD.ZG,Households and NPISHs Final consumption expenditure (annual % growth),Economy & Growth,World Development Indicators
NE.CON.PRVT.PC.KD,Households and NPISHs Final consumption expenditure per capita (constant 2015 US$),Economy & Growth,World Development Indicators
NE.CON.PRVT.PC.KD.ZG,Households and NPISHs Final consumption expenditure per capita growth (annual %),Economy & Growth,World Development Indicators
NE.CON.PRVT.PP.CD,"Households and NPISHs Final consumption expenditure, PPP (current international $)",Economy & Growth,World Development Indicators
NE.CON.PRVT.PP.KD,"Households and NPISHs Final consumption expenditure, PPP (constant 2021 international $)",Economy & Growth,World Development Indicators
NE.CON.PRVT.ZS,Households and NPISHs final consumption expenditure (% of GDP),Economy & Growth,World Development Indicators
NE.CON.TOTL.CD,Final consumption expenditure (current US$),Economy & Growth,World Development Indicators
NE.CON.TOTL.KD,Final consumption expenditure (constant 2015 US$),Economy & Growth,World Development Indicators
NE.CON.TOTL.KD.ZG,Final consumption expenditure (annual % growth),Economy & Growth,World Development Indicators
NE.DAB.TOTL.CD,Gross national expenditure (current US$),Economy & Growth,World Development Indicators
NE.DAB.TOTL.KD,Gross national expenditure (constant 2015 US$),Economy & Growth,World Development Indicators
NE.EXP.GNFS.CD,Exports of goods and services (current US$),Trade,World Development Indicators
NE.EXP.GNFS.KD,Exports of goods and services (constant 2015 US$),Trade,World Development Indicators
NE.EXP.GNFS.KD.ZG,Exports of goods and services (annual % growth),Economy & Growth,World Development Indicators
NE.EXP.GNFS.ZS,Exports of goods and services (% of GDP),Economy & Growth,World Development Indicators
NE.GDI.FTOT.CD,Gross fixed capital formation (current US$),Economy & Growth,World Development Indicators
NE.GDI.FTOT.KD,Gross fixed capital formation (constant 2015 US$),Economy & Growth,World Development Indicators
NE.GDI.FTOT.KD.ZG,Gross fixed capital formation (annual % growth),Economy & Growth,World Development Indicators
NE.GDI.FTOT.ZS,Gross fixed capital formation (% of GDP),Economy & Growth,World Development Indicators
NE.GDI.TOTL.CD,Gross capital formation (current US$),Economy & Growth,World Development Indicators
NE.GDI.TOTL.KD,Gross capital formation (constant 2015 US$),Economy & Growth,World Development Indicators
NE.GDI.TOTL.KD.ZG,Gross capital formation (annual % growth),Economy & Growth,World Development Indicators
NE.GDI.TOTL.ZS,Gross capital formation (% of GDP),Economy & Growth,World Development Indicators
NE.IMP.GNFS.CD,Imports of goods and services (current US$),Trade,World Development Indicators
NE.IMP.GNFS.KD,Imports of goods and services (constant 2015 US$),Trade,World Development Indicators
NE.IMP.GNFS.KD.ZG,Imports of goods and services (annual % growth),Economy & Growth,World Development Indicators
NE.IMP.GNFS.ZS,Imports of goods and services (% of GDP),Economy & Growth,World Development Indicators
NE.RSB.GNFS.ZS,External balance on goods and services (% of GDP),Economy & Growth,World Development Indicators
NE.TRD.GNFS.ZS,Trade (% of GDP),Trade,World Development Indicators
NV.AGR.EMPL.KD,"Agriculture, forestry, and fishing, value added per worker (constant 2015 US$)",Economy & Growth,World Development Indicators
NV.AGR.TOTL.CD,"Agriculture, forestry, and fishing, value added (current US$)",Agriculture & Rural Development,World Development Indicators
NV.AGR.TOTL.KD,"Agriculture, forestry, and fishing, value added (constant 2015 US$)",Economy & Growth,World Development Indicators
NV.AGR.TOTL.KD.ZG,"Agriculture, forestry, and fishing, value added (annual % growth)",Economy & Growth,World Development Indicators
NV.AGR.TOTL.ZS,"Agriculture, forestry, and fishing, value added (% of GDP)",Agriculture & Rural Development,World Development Indicators
NV.IND.EMPL.KD,"Industry (including construction), value added per worker (constant 2015 US$)",Economy & Growth,World Development Indicators
NV.IND.MANF.CD,"Manufacturing, value added (current US$)",Economy & Growth,World Development Indicators
NV.IND.MANF.ZS,"Manufacturing, value added (% of GDP)",Economy & Growth,World Development Indicators
NV.IND.TOTL.CD,"Industry (including construction), value added (current US$)",Economy & Growth,World Development Indicators
NV.IND.TOTL.KD,"Industry (including construction), value added (constant 2015 US$)",Economy & Growth,World Development Indicators
NV.IND.TOTL.KD.ZG,"Industry (including construction), value added (annual % growth)",Economy & Growth,World Development Indicators
NV.IND.TOTL.ZS,"Industry (including construction), value added (% of GDP)",Economy & Growth,World Development Indicators
NV.SRV.EMPL.KD,"Services, value added per worker (constant 2015 US$)",Economy & Growth,World Development Indicators
NV.SRV.TOTL.CD,"Services, value added (current US$)",Economy & Growth,World Development Indicators
NV.SRV.TOTL.KD,"Services, value added (constant 2015 US$)",Economy & Growth,World Development Indicators
NV.SRV.TOTL.KD.ZG,"Services, value added (annual % growth)",Economy & Growth,World Development Indicators
NV.SRV.TOTL.ZS,"Services, value added (% of GDP)",Economy & Growth,World Development Indicators
NY.ADJ.AEDU.GN.ZS,Adjusted savings: education expenditure (% of GNI),Economy & Growth,World Development Indicators
NY.ADJ.DCO2.GN.ZS,Adjusted savings: carbon dioxide damage (% of GNI),Environment,World Development Indicators
NY.ADJ.DFOR.GN.ZS,Adjusted savings: net forest depletion (% of GNI),Economy & Growth,World Development Indicators
NY.ADJ.DKAP.GN.ZS,Adjusted savings: consumption of fixed capital (% of GNI),Economy & Growth,World Development Indicators
NY.ADJ.DMIN.GN.ZS,Adjusted savings: mineral depletion (% of GNI),Energy & Mining,World Development Indicators
NY.ADJ.DNGY.GN.ZS,Adjusted savings: energy depletion (% of GNI),Energy & Mining,World Development Indicators
NY.ADJ.DPEM.GN.ZS,Adjusted savings: particulate emission damage (% of GNI),Economy & Growth,World Development Indicators
NY.ADJ.DRES.GN.ZS,Adjusted savings: natural resources depletion (% of GNI),Energy & Mining,World Development Indicators
NY.ADJ.ICTR.GN.ZS,Adjusted savings: gross savings (% of GNI),Economy & Growth,World Development Indicators
NY.ADJ.NNAT.GN.ZS,Adjusted savings: net national savings (% of GNI),Economy & Growth,World Development Indicators
NY.ADJ.NNTY.CD,Adjusted net national income (current US$),Economy & Growth,World Development Indicators
NY.ADJ.NNTY.KD,Adjusted net national income (constant 2015 US$),Economy & Growth,World Development Indicators
NY.ADJ.NNTY.KD.ZG,Adjusted net national income (annual % growth),Economy & Growth,World Development Indicators
NY.ADJ.NNTY.PC.CD,Adjusted net national income per capita (current US$),Economy & Growth,World Development Indicators
NY.ADJ.NNTY.PC.KD,Adjusted net national income per capita (constant 2015 US$),Economy & Growth,World Development Indicators
NY.ADJ.NNTY.PC.KD.ZG,Adjusted net national income per capita (annual % growth),Economy & Growth,World Development Indicators
NY.ADJ.SVNG.GN.ZS,"Adjusted net savings, including particulate emission damage (% of GNI)",Environment,World Development Indicators
NY.ADJ.SVNX.GN.ZS,"Adjusted net savings, excluding particulate emission damage (% of GNI)",Environment,World Development Indicators
NY.GDP.COAL.RT.ZS,Coal rents (% of GDP),Environment,World Development Indicators
NY.GDP.DEFL.KD.ZG,"Inflation, GDP deflator (annual %)",Economy & Growth,World Development Indicators
NY.GDP.FCST.CD,Gross value added at basic prices (GVA) (current US$),Economy & Growth,World Development Indicators
NY.GDP.FCST.KD,Gross value added at basic prices (GVA) (constant 2015 US$),Economy & Growth,World Development Indicators
NY.GDP.FRST.RT.ZS,Forest rents (% of GDP),Environment,World Development Indicators
NY.GDP.MINR.RT.ZS,Mineral rents (% of GDP),Energy & Mining,World Development Indicators
NY.GDP.MKTP.CD,GDP (current US$),Economy & Growth,World Development Indicators
NY.GDP.MKTP.KD,GDP (constant 2015 US$),Economy & Growth,World Development Indicators
NY.GDP.MKTP.KD.ZG,GDP growth (annual %),Economy & Growth,World Development Indicators
NY.GDP.MKTP.PP.CD,"GDP, PPP (current international $)",Economy & Growth,World Development Indicators
NY.GDP.MKTP.PP.KD,"GDP, PPP (constant 2021 international $)",Economy & Growth,World Development Indicators
NY.GDP.NGAS.RT.ZS,Natural gas rents (% of GDP),Environment,World Development Indicators
NY.GDP.PCAP.CD,GDP per capita (current US$),Economy & Growth,World Development Indicators
NY.GDP.PCAP.KD,GDP per capita (constant 2015 US$),Economy & Growth,World Development Indicators
NY.GDP.PCAP.KD.ZG,GDP per capita growth (annual %),Economy & Growth,World Development Indicators
NY.GDP.PCAP.PP.CD,"GDP per capita, PPP (current international $)",Economy & Growth,World Development Indicators
NY.GDP.PCAP.PP.KD,"GDP per capita, PPP (constant 2021 international $)",Economy & Growth,World Development Indicators
NY.GDP.PETR.RT.ZS,Oil rents (% of GDP),Energy & Mining,World Development Indicators
NY.GDP.TOTL.RT.ZS,Total natural resources rents (% of GDP),Energy & Mining,World Development Indicators
NY.GDS.TOTL.CD,Gross domestic savings (current US$),Economy & Growth,World Development Indicators
NY.GDS.TOTL.ZS,Gross domestic savings (% of GDP),Economy & Growth,World Development Indicators
NY.GNP.ATLS.CD,"GNI, Atlas method (current US$)",Economy & Growth,World Development Indicators
NY.GNP.MKTP.CD,GNI (current US$),Economy & Growth,World Development Indicators
NY.GNP.MKTP.KD,GNI (constant 2015 US$),Economy & Growth,World Development Indicators
NY.GNP.MKTP.KD.ZG,GNI growth (annual %),Economy & Growth,World Development Indicators
NY.GNP.MKTP.PP.CD,"GNI, PPP (current international $)",Economy & Growth,World Development Indicators
NY.GNP.MKTP.PP.KD,"GNI, PPP (constant 2021 international $)",Economy & Growth,World Development Indicators
NY.GNP.PCAP.CD,"GNI per capita, Atlas method (current US$)",Economy & Growth,World Development Indicators
NY.GNP.PCAP.KD,GNI per capita (constant 2015 US$),Economy & Growth,World Development Indicators
NY.GNP.PCAP.KD.ZG,GNI per capita growth (annual %),Economy & Growth,World Development Indicators
NY.GNP.PCAP.PP.CD,"GNI per capita, PPP (current international $)",Economy & Growth,World Development Indicators
NY.GNP.PCAP.PP.KD,"GNI per capita, PPP (constant 2021 international $)",Economy & Growth,World Development Indicators
NY.GNS.ICTR.GN.ZS,Gross savings (% of GNI),Economy & Growth,World Development Indicators
NY.GNS.ICTR.ZS,Gross savings (% of GDP),Economy & Growth,World Development Indicators
SE.ADT.1524.LT.FE.ZS,"Literacy rate, youth female (% of females ages 15-24)",Gender,World Development Indicators
SE.ADT.1524.LT.FM.ZS,"Literacy rate, youth (ages 15-24), gender parity index (GPI)",Gender,World Development Indicators
SE.ADT.1524.LT.MA.ZS,"Literacy rate, youth male (% of males ages 15-24)",Education,World Development Indicators
SE.ADT.1524.LT.ZS,"Literacy rate, youth total (% of people ages 15-24)",Education,World Development Indicators
SE.ADT.LITR.FE.ZS,"Literacy rate, adult female (% of females ages 15 and above)",Gender,World Development Indicators
SE.ADT.LITR.MA.ZS,"Literacy rate, adult male (% of males ages 15 and above)",Education,World Development Indicators
SE.ADT.LITR.ZS,"Literacy rate, adult total (% of people ages 15 and above)",Education,World Development Indicators
SE.COM.DURS,"Compulsory education, duration (years)",Education,World Development Indicators
SE.ENR.PRIM.FM.ZS,"School enrollment, primary (gross), gender parity index (GPI)",Gender,World Development Indicators
SE.ENR.PRSC.FM.ZS,"School enrollment, primary and secondary (gross), gender parity index (GPI)",Gender,World Development Indicators
SE.ENR.SECO.FM.ZS,"School enrollment, secondary (gross), gender parity index (GPI)",Gender,World Development Indicators
SE.ENR.TERT.FM.ZS,"School enrollment, tertiary (gross), gender parity index (GPI)",Gender,World Development Indicators
SE.PRE.DURS,"Preprimary education, duration (years)",Education,World Development Indicators
SE.PRE.ENRR,"School enrollment, preprimary (% gross)",Education,World Development Indicators
SE.PRE.ENRR.FE,"School enrollment, preprimary, female (% gross)",Gender,World Development Indicators
SE.PRE.ENRR.MA,"School enrollment, preprimary, male (% gross)",Education,World Development Indicators
SE.PRE.TCAQ.FE.ZS,"Trained teachers in preprimary education, female (% of female teachers)",Education,World Development Indicators
SE.PRE.TCAQ.MA.ZS,"Trained teachers in preprimary education, male (% of male teachers)",Education,World Development Indicators
SE.PRE.TCAQ.ZS,Trained teachers in preprimary education (% of total teachers),Education,World Development Indicators
SE.PRM.CMPT.FE.ZS,"Primary completion rate, female (% of relevant age group)",Gender,World Development Indicators
SE.PRM.CMPT.MA.ZS,"Primary completion rate, male (% of relevant age group)",Gender,World Development Indicators
SE.PRM.CMPT.ZS,"Primary completion rate, total (% of relevant age group)",Education,World Development Indicators
SE.PRM.DURS,"Primary education, duration (years)",Education,World Development Indicators
SE.PRM.ENRL,"Primary education, pupils",Education,World Development Indicators
SE.PRM.ENRR,"School enrollment, primary (% gross)",Education,World Development Indicators
SE.PRM.ENRR.FE,"School enrollment, primary, female (% gross)",Gender,World Development Indicators
SE.PRM.ENRR.MA,"School enrollment, primary, male (% gross)",Education,World Development Indicators
SE.PRM.PRIV.ZS,"School enrollment, primary, private (% of total primary)",Education,World Development Indicators
SE.PRM.PRSL.FE.ZS,"Persistence to last grade of primary, female (% of cohort)",Gender,World Development Indicators
SE.PRM.PRSL.MA.ZS,"Persistence to last grade of primary, male (% of cohort)",Gender,World Development Indicators
SE.PRM.PRSL.ZS,"Persistence to last grade of primary, total (% of cohort)",Education,World Development Indicators
SE.PRM.TCAQ.FE.ZS,"Trained teachers in primary education, female (% of female teachers)",Gender,World Development Indicators
SE.PRM.TCAQ.MA.ZS,"Trained teachers in primary education, male (% of male teachers)",Education,World Development Indicators
SE.PRM.TCAQ.ZS,Trained teachers in primary education (% of total teachers),Education,World Development Indicators
SE.PRM.TCHR,"Primary education, teachers",Education,World Development Indicators
SE.PRM.TCHR.FE.ZS,"Primary education, teachers (% female)",Gender,World Development Indicators
SE.SEC.CMPT.LO.FE.ZS,"Lower secondary completion rate, female (% of relevant age group)",Education,World Development Indicators
SE.SEC.CMPT.LO.MA.ZS,"Lower secondary completion rate, male (% of relevant age group)",Education,World Development Indicators
SE.SEC.CMPT.LO.ZS,"Lower secondary completion rate, total (% of relevant age group)",Education,World Development Indicators
SE.SEC.DURS,"Secondary education, duration (years)",Education,World Development Indicators
SE.SEC.ENRL,"Secondary education, pupils",Education,World Development Indicators
SE.SEC.ENRR,"School enrollment, secondary (% gross)",Education,World Development Indicators
SE.SEC.ENRR.FE,"School enrollment, secondary, female (% gross)",Gender,World Development Indicators
SE.SEC.ENRR.MA,"School enrollment, secondary, male (% gross)",Gender,World Development Indicators
SE.SEC.PRIV.ZS,"School enrollment, secondary, private (% of total secondary)",Education,World Development Indicators
SE.SEC.TCAQ.FE.ZS,"Trained teachers in secondary education, female (% of female teachers)",Education,World Development Indicators
SE.SEC.TCAQ.LO.FE.ZS,"Trained teachers in lower secondary education, female (% of female teachers)",Education,World Development Indicators
SE.SEC.TCAQ.LO.MA.ZS,"Trained teachers in lower secondary education, male (% of male teachers)",Education,World Development Indicators
SE.SEC.TCAQ.LO.ZS,Trained teachers in lower secondary education (% of total teachers),Education,World Development Indicators
SE.SEC.TCAQ.MA.ZS,"Trained teachers in secondary education, male (% of male teachers)",Education,World Development Indicators
SE.SEC.TCAQ.UP.FE.ZS,"Trained teachers in upper secondary education, female (% of female teachers)",Education,World Development Indicators
SE.SEC.TCAQ.UP.MA.ZS,"Trained teachers in upper secondary education, male (% of male teachers)",Education,World Development Indicators
SE.SEC.TCAQ.UP.ZS,Trained teachers in upper secondary education (% of total teachers),Education,World Development Indicators
SE.SEC.TCAQ.ZS,Trained teachers in secondary education (% of total teachers),Education,World Development Indicators
SE.SEC.TCHR,"Secondary education, teachers",Education,World Development Indicators
SE.SEC.TCHR.FE,"Secondary education, teachers, female",Education,World Development Indicators
SE.SEC.TCHR.FE.ZS,"Secondary education, teachers (% female)",Gender,World Development Indicators
SE.TER.ENRR,"School enrollment, tertiary (% gross)",Education,World Development Indicators
SE.TER.ENRR.FE,"School enrollment, tertiary, female (% gross)",Gender,World Development Indicators
SE.TER.ENRR.MA,"School enrollment, tertiary, male (% gross)",Education,World Development Indicators
SE.TER.TCHR.FE.ZS,"Tertiary education, academic staff (% female)",Education,World Development Indicators
SE.XPD.TOTL.GB.ZS,"Government expenditure on education, total (% of government expenditure)",Education,World Development Indicators
SE.XPD.TOTL.GD.ZS,"Government expenditure on education, total (% of GDP)",Education,World Development Indicators
SG.GEN.MNST.ZS,Proportion of women in ministerial level positions (%),Gender,Gender Statistics
SG.GEN.PARL.ZS,Proportion of seats held by women in national parliaments (%),Gender,World Development Indicators
SG.LAW.INDX,Women Business and the Law Index Score (scale 1-100),Gender,World Development Indicators
SG.POP.MIGR.FE.ZS,Female migrants (% of international migrant stock),Gender,Gender Statistics
SH.ALC.PCAP.FE.LI,"Total alcohol consumption per capita, female (liters of pure alcohol, projected estimates, female 15+ years of age)",Health,World Development Indicators
SH.ALC.PCAP.LI,"Total alcohol consumption per capita (liters of pure alcohol, projected estimates, 15+ years of age)",Health,World Development Indicators
SH.ALC.PCAP.MA.LI,"Total alcohol consumption per capita, male (liters of pure alcohol, projected estimates, male 15+ years of age)",Health,World Development Indicators
SH.DTH.0509,Number of deaths ages 5-9 years,Education,World Development Indicators
SH.DTH.1014,Number of deaths ages 10-14 years,Education,World Development Indicators
SH.DTH.1519,Number of deaths ages 15-19 years,Education,World Development Indicators
SH.DTH.2024,Number of deaths ages 20-24 years,Education,World Development Indicators
SH.DTH.IMRT,Number of infant deaths,Health,World Development Indicators
SH.DTH.IMRT.FE,"Number of infant deaths, female",Health,Health Nutrition and Population Statistics
SH.DTH.IMRT.MA,"Number of infant deaths, male",Health,Health Nutrition and Population Statistics
SH.DTH.MORT,Number of under-five deaths,Health,World Development Indicators
SH.DTH.MORT.FE,"Number of under-five deaths, female",Health,Health Nutrition and Population Statistics
SH.DTH.MORT.MA,"Number of under-five deaths, male",Health,Health Nutrition and Population Statistics
SH.DTH.NMRT,Number of neonatal deaths,Health,World Development Indicators
SH.DTH.STLB,Number of stillbirths,Health,Health Nutrition and Population Statistics
SH.DYN.0509,"Probability of dying among children ages 5-9 years (per 1,000)",Education,World Development Indicators
SH.DYN.1014,"Probability of dying among adolescents ages 10-14 years (per 1,000)",Education,World Development Indicators
SH.DYN.1519,"Probability of dying among adolescents ages 15-19 years (per 1,000)",Education,World Development Indicators
SH.DYN.2024,"Probability of dying among youth ages 20-24 years (per 1,000)",Education,World Development Indicators
SH.DYN.AIDS.FE.ZS,Women's share of population ages 15+ living with HIV (%),Gender,World Development Indicators
SH.DYN.AIDS.ZS,"Prevalence of HIV, total (% of population ages 15-49)",Health,World Development Indicators
SH.DYN.MORT,"Mortality rate, under-5 (per 1,000 live births)",Health,World Development Indicators
SH.DYN.MORT.FE,"Mortality rate, under-5, female (per 1,000 live births)",Health,World Development Indicators
SH.DYN.MORT.MA,"Mortality rate, under-5, male (per 1,000 live births)",Health,World Development Indicators
SH.DYN.NCOM.FE.ZS,"Mortality from CVD, cancer, diabetes or CRD between exact ages 30 and 70, female (%)",Health,World Development Indicators
SH.DYN.NCOM.MA.ZS,"Mortality from CVD, cancer, diabetes or CRD between exact ages 30 and 70, male (%)",Health,World Development Indicators
SH.DYN.NCOM.ZS,"Mortality from CVD, cancer, diabetes or CRD between exact ages 30 and 70 (%)",Health,World Development Indicators
SH.DYN.NMRT,"Mortality rate, neonatal (per 1,000 live births)",Health,World Development Indicators
SH.DYN.STLB,"Stillbirth rate (per 1,000 total births)",Health,Health Nutrition and Population Statistics
SH.H2O.BASW.RU.ZS,"People using at least basic drinking water services, rural (% of rural population)",Environment,World Development Indicators
SH.H2O.BASW.UR.ZS,"People using at least basic drinking water services, urban (% of urban population)",Environment,World Development Indicators
SH.H2O.BASW.ZS,People using at least basic drinking water services (% of population),Health,World Development Indicators
SH.H2O.SMDW.RU.ZS,"People using safely managed drinking water services, rural (% of rural population)",Environment,World Development Indicators
SH.H2O.SMDW.UR.ZS,"People using safely managed drinking water services, urban (% of urban population)",Environment,World Development Indicators
SH.H2O.SMDW.ZS,People using safely managed drinking water services (% of population),Health,World Development Indicators
SH.HIV.0014,Children (0-14) living with HIV,Health,World Development Indicators
SH.HIV.1524.FE.ZS,"Prevalence of HIV, female (% ages 15-24)",Gender,World Development Indicators
SH.HIV.1524.MA.ZS,"Prevalence of HIV, male (% ages 15-24)",Health,World Development Indicators
SH.HIV.ARTC.FE.ZS,"Access to anti-retroviral drugs, female (%)",Gender,Gender Statistics
SH.HIV.ARTC.MA.ZS,"Access to anti-retroviral drugs, male (%)",Gender,Gender Statistics
SH.HIV.ARTC.ZS,Antiretroviral therapy coverage (% of people living with HIV),Health,World Development Indicators
SH.HIV.INCD,Adults (ages 15-49) newly infected with HIV,Health,World Development Indicators
SH.HIV.INCD.14,Children (ages 0-14) newly infected with HIV,Health,World Development Indicators
SH.HIV.INCD.50.P3,"Incidence of HIV, ages 50+ (per 1,000 uninfected population ages 50+)",Health,Health Nutrition and Population Statistics
SH.HIV.INCD.FE.P3,"Incidence of HIV, ages 15-49, female (per 1,000 uninfected female population ages 15-49)",Gender,Gender Statistics
SH.HIV.INCD.MA.P3,"Incidence of HIV, ages 15-49, male (per 1,000 uninfected male population ages 15-49)",Gender,Gender Statistics
SH.HIV.INCD.TL,Adults (ages 15+) and children (ages 0-14) newly infected with HIV,Health,World Development Indicators
SH.HIV.INCD.TL.P3,"Incidence of HIV, all (per 1,000 uninfected population)",Health,World Development Indicators
SH.HIV.INCD.YG,Young people (ages 15-24) newly infected with HIV,Health,World Development Indicators
SH.HIV.INCD.YG.FE.P3,"Incidence of HIV, ages 15-24, female (per 1,000 uninfected female population ages 15-24)",Gender,Gender Statistics
SH.HIV.INCD.YG.MA.P3,"Incidence of HIV, ages 15-24, male (per 1,000 uninfected male population ages 15-24)",Gender,Gender Statistics
SH.HIV.INCD.YG.P3,"Incidence of HIV, ages 15-24 (per 1,000 uninfected population ages 15-24)",Health,World Development Indicators
SH.HIV.INCD.ZS,"Incidence of HIV, ages 15-49 (per 1,000 uninfected population ages 15-49)",Health,World Development Indicators
SH.HIV.PMTC.ZS,Antiretroviral therapy coverage for PMTCT (% of pregnant women living with HIV),Health,World Development Indicators
SH.IMM.HEPB,"Immunization, HepB3 (% of one-year-old children)",Health,World Development Indicators
SH.IMM.IDPT,"Immunization, DPT (% of children ages 12-23 months)",Health,World Development Indicators
SH.IMM.MEA2,"Immunization, measles second dose (% of children by the nationally recommended age)",Health,Health Nutrition and Population Statistics
SH.IMM.MEAS,"Immunization, measles (% of children ages 12-23 months)",Health,World Development Indicators
SH.MED.BEDS.ZS,"Hospital beds (per 1,000 people)",Health,World Development Indicators
SH.MED.NUMW.P3,"Nurses and midwives (per 1,000 people)",Health,World Development Indicators
SH.MED.PHYS.ZS,"Physicians (per 1,000 people)",Health,World Development Indicators
SH.MLR.INCD.P3,"Incidence of malaria (per 1,000 population at risk)",Health,World Development Indicators
SH.MMR.DTHS,Number of maternal deaths,Health,World Development Indicators
SH.MMR.RISK,Lifetime risk of maternal death (1 in: rate varies by country),Gender,World Development Indicators
SH.MMR.RISK.ZS,Lifetime risk of maternal death (%),Gender,World Development Indicators
SH.PRV.SMOK,Prevalence of current tobacco use (% of adults),Health,World Development Indicators
SH.PRV.SMOK.FE,"Prevalence of current tobacco use, females (% of female adults)",Gender,World Development Indicators
SH.PRV.SMOK.MA,"Prevalence of current tobacco use, males (% of male adults)",Gender,World Development Indicators
SH.SGR.CRSK.ZS,Risk of catastrophic expenditure for surgical care (% of people at risk),Health,World Development Indicators
SH.SGR.IRSK.ZS,Risk of impoverishing expenditure for surgical care (% of people at risk),Health,World Development Indicators
SH.STA.BASS.RU.ZS,"People using at least basic sanitation services, rural (% of rural population)",Environment,World Development Indicators
SH.STA.BASS.UR.ZS,"People using at least basic sanitation services, urban (% of urban population)",Environment,World Development Indicators
SH.STA.BASS.ZS,People using at least basic sanitation services (% of population),Environment,World Development Indicators
SH.STA.BRTW.ZS,Low-birthweight babies (% of births),Health,World Development Indicators
SH.STA.DIAB.ZS,Diabetes prevalence (% of population ages 20 to 79),Health,World Development Indicators
SH.STA.HYGN.RU.ZS,"People with basic handwashing facilities including soap and water, rural (% of rural population)",Environment,World Development Indicators
SH.STA.HYGN.UR.ZS,"People with basic handwashing facilities including soap and water, urban (% of urban population)",Environment,World Development Indicators
SH.STA.HYGN.ZS,People with basic handwashing facilities including soap and water (% of population),Environment,World Development Indicators
SH.STA.MALN.ZS,"Prevalence of underweight, weight for age (% of children under 5)",Health,World Development Indicators
SH.STA.MMRT,"Maternal mortality ratio (modeled estimate, per 100,000 live births)",Gender,World Development Indicators
SH.STA.ODFC.RU.ZS,"People practicing open defecation, rural (% of rural population)",Environment,World Development Indicators
SH.STA.ODFC.UR.ZS,"People practicing open defecation, urban (% of urban population)",Environment,World Development Indicators
SH.STA.ODFC.ZS,People practicing open defecation (% of population),Environment,World Development Indicators
SH.STA.OWGH.ME.ZS,"Prevalence of overweight, weight for height (modeled estimate, % of children under 5)",Health,World Development Indicators
SH.STA.POIS.P5,"Mortality rate attributed to unintentional poisoning (per 100,000 population)",Environment,World Development Indicators
SH.STA.POIS.P5.FE,"Mortality rate attributed to unintentional poisoning, female (per 100,000 female population)",Environment,World Development Indicators
SH.STA.POIS.P5.MA,"Mortality rate attributed to unintentional poisoning, male (per 100,000 male population)",Environment,World Development Indicators
SH.STA.SMSS.RU.ZS,"People using safely managed sanitation services, rural (% of rural population)",Environment,World Development Indicators
SH.STA.SMSS.UR.ZS,"People using safely managed sanitation services, urban (% of urban population)",Environment,World Development Indicators
SH.STA.SMSS.ZS,People using safely managed sanitation services (% of population),Environment,World Development Indicators
SH.STA.STNT.ME.ZS,"Prevalence of stunting, height for age (modeled estimate, % of children under 5)",Health,World Development Indicators
SH.STA.SUIC.FE.P5,"Suicide mortality rate, female (per 100,000 female population)",Health,World Development Indicators
SH.STA.SUIC.MA.P5,"Suicide mortality rate, male (per 100,000 male population)",Health,World Development Indicators
SH.STA.SUIC.P5,"Suicide mortality rate (per 100,000 population)",Health,World Development Indicators
SH.STA.WAST.ZS,"Prevalence of wasting, weight for height (% of children under 5)",Health,World Development Indicators
SH.SVR.WAST.ZS,"Prevalence of severe wasting, weight for height (% of children under 5)",Health,World Development Indicators
SH.TBS.CURE.ZS,Tuberculosis treatment success rate (% of new cases),Health,World Development Indicators
SH.TBS.DTEC.ZS,"Tuberculosis case detection rate (%, all forms)",Health,World Development Indicators
SH.TBS.INCD,"Incidence of tuberculosis (per 100,000 people)",Health,World Development Indicators
SH.UHC.SRVS.CV.XD,UHC service coverage index,Health,World Development Indicators
SH.XPD.CHEX.GD.ZS,Current health expenditure (% of GDP),Health,World Development Indicators
SH.XPD.CHEX.PC.CD,Current health expenditure per capita (current US$),Health,World Development Indicators
SH.XPD.CHEX.PP.CD,"Current health expenditure per capita, PPP (current international $)",Health,World Development Indicators
SH.XPD.EHEX.CH.ZS,External health expenditure (% of current health expenditure),Health,World Development Indicators
SH.XPD.EHEX.PC.CD,External health expenditure per capita (current US$),Health,World Development Indicators
SH.XPD.EHEX.PP.CD,"External health expenditure per capita, PPP (current international $)",Health,World Development Indicators
SH.XPD.GHED.CH.ZS,Domestic general government health expenditure (% of current health expenditure),Health,World Development Indicators
SH.XPD.GHED.GD.ZS,Domestic general government health expenditure (% of GDP),Health,World Development Indicators
SH.XPD.GHED.PC.CD,Domestic general government health expenditure per capita (current US$),Health,World Development Indicators
SH.XPD.GHED.PP.CD,"Domestic general government health expenditure per capita, PPP (current international $)",Health,World Development Indicators
SH.XPD.OOPC.CH.ZS,Out-of-pocket expenditure (% of current health expenditure),Health,World Development Indicators
SH.XPD.OOPC.PC.CD,Out-of-pocket expenditure per capita (current US$),Health,World Development Indicators
SH.XPD.OOPC.PP.CD,"Out-of-pocket expenditure per capita, PPP (current international $)",Health,World Development Indicators
SH.XPD.PVTD.CH.ZS,Domestic private health expenditure (% of current health expenditure),Health,World Development Indicators
SH.XPD.PVTD.PC.CD,Domestic private health expenditure per capita (current US$),Health,World Development Indicators
SH.XPD.PVTD.PP.CD,"Domestic private health expenditure per capita, PPP (current international $)",Health,World Development Indicators
SI.POV.DDAY,Poverty headcount ratio at $2.15 a day (2017 PPP) (% of population),Poverty,World Development Indicators
SI.POV.GAPS,Poverty gap at $2.15 a day (2017 PPP) (%),Poverty,World Development Indicators
SI.POV.LMIC,Poverty headcount ratio at $3.65 a day (2017 PPP) (% of population),Poverty,World Development Indicators
SI.POV.LMIC.GP,Poverty gap at $3.65 a day (2017 PPP) (%),Poverty,World Development Indicators
SI.POV.UMIC,Poverty headcount ratio at $6.85 a day (2017 PPP) (% of population),Poverty,World Development Indicators
SI.POV.UMIC.GP,Poverty gap at $6.85 a day (2017 PPP) (%),Poverty,World Development Indicators
SL.AGR.EMPL.FE.ZS,"Employment in agriculture, female (% of female employment) (modeled ILO estimate)",Gender,World Development Indicators
SL.AGR.EMPL.MA.ZS,"Employment in agriculture, male (% of male employment) (modeled ILO estimate)",Gender,World Development Indicators
SL.AGR.EMPL.ZS,Employment in agriculture (% of total employment) (modeled ILO estimate),Social Protection & Labor,World Development Indicators
SL.EMP.1524.SP.FE.ZS,"Employment to population ratio, ages 15-24, female (%) (modeled ILO estimate)",Gender,World Development Indicators
SL.EMP.1524.SP.MA.ZS,"Employment to population ratio, ages 15-24, male (%) (modeled ILO estimate)",Gender,World Development Indicators
SL.EMP.1524.SP.ZS,"Employment to population ratio, ages 15-24, total (%) (modeled ILO estimate)",Social Protection & Labor,World Development Indicators
SL.EMP.MPYR.FE.ZS,"Employers, female (% of female employment) (modeled ILO estimate)",Gender,World Development Indicators
SL.EMP.MPYR.MA.ZS,"Employers, male (% of male employment) (modeled ILO estimate)",Gender,World Development Indicators
SL.EMP.MPYR.ZS,"Employers, total (% of total employment) (modeled ILO estimate)",Social Protection & Labor,World Development Indicators
SL.EMP.SELF.FE.ZS,"Self-employed, female (% of female employment) (modeled ILO estimate)",Gender,World Development Indicators
SL.EMP.SELF.MA.ZS,"Self-employed, male (% of male employment) (modeled ILO estimate)",Gender,World Development Indicators
SL.EMP.SELF.ZS,"Self-employed, total (% of total employment) (modeled ILO estimate)",Social Protection & Labor,World Development Indicators
SL.EMP.TOTL.SP.FE.ZS,"Employment to population ratio, 15+, female (%) (modeled ILO estimate)",Gender,World Development Indicators
SL.EMP.TOTL.SP.MA.ZS,"Employment to population ratio, 15+, male (%) (modeled ILO estimate)",Gender,World Development Indicators
SL.EMP.TOTL.SP.ZS,"Employment to population ratio, 15+, total (%) (modeled ILO estimate)",Social Protection & Labor,World Development Indicators
SL.EMP.VULN.FE.ZS,"Vulnerable employment, female (% of female employment) (modeled ILO estimate)",Gender,World Development Indicators
SL.EMP.VULN.MA.ZS,"Vulnerable employment, male (% of male employment) (modeled ILO estimate)",Gender,World Development Indicators
SL.EMP.VULN.ZS,"Vulnerable employment, total (% of total employment) (modeled ILO estimate)",Social Protection & Labor,World Development Indicators
SL.EMP.WORK.FE.ZS,"Wage and salaried workers, female (% of female employment) (modeled ILO estimate)",Gender,World Development Indicators
SL.EMP.WORK.MA.ZS,"Wage and salaried workers, male (% of male employment) (modeled ILO estimate)",Gender,World Development Indicators
SL.EMP.WORK.ZS,"Wage and salaried workers, total (% of total employment) (modeled ILO estimate)",Social Protection & Labor,World Development Indicators
SL.FAM.WORK.FE.ZS,"Contributing family workers, female (% of female employment) (modeled ILO estimate)",Gender,World Development Indicators
SL.FAM.WORK.MA.ZS,"Contributing family workers, male (% of male employment) (modeled ILO estimate)",Gender,World Development Indicators
SL.FAM.WORK.ZS,"Contributing family workers, total (% of total employment) (modeled ILO estimate)",Social Protection & Labor,World Development Indicators
SL.GDP.PCAP.EM.KD,GDP per person employed (constant 2021 PPP $),Social Protection & Labor,World Development Indicators
SL.IND.EMPL.FE.ZS,"Employment in industry, female (% of female employment) (modeled ILO estimate)",Gender,World Development Indicators
SL.IND.EMPL.MA.ZS,"Employment in industry, male (% of male employment) (modeled ILO estimate)",Gender,World Development Indicators
SL.IND.EMPL.ZS,Employment in industry (% of total employment) (modeled ILO estimate),Social Protection & Labor,World Development Indicators
SL.SRV.EMPL.FE.ZS,"Employment in services, female (% of female employment) (modeled ILO estimate)",Gender,World Development Indicators
SL.SRV.EMPL.MA.ZS,"Employment in services, male (% of male employment) (modeled ILO estimate)",Gender,World Development Indicators
SL.SRV.EMPL.ZS,Employment in services (% of total employment) (modeled ILO estimate),Social Protection & Labor,World Development Indicators
SL.TLF.ACTI.1524.FE.ZS,"Labor force participation rate for ages 15-24, female (%) (modeled ILO estimate)",Social Protection & Labor,World Development Indicators
SL.TLF.ACTI.1524.MA.ZS,"Labor force participation rate for ages 15-24, male (%) (modeled ILO estimate)",Social Protection & Labor,World Development Indicators
SL.TLF.ACTI.1524.ZS,"Labor force participation rate for ages 15-24, total (%) (modeled ILO estimate)",Social Protection & Labor,World Development Indicators
SL.TLF.ACTI.FE.ZS,"Labor force participation rate, female (% of female population ages 15-64) (modeled ILO estimate)",Social Protection & Labor,World Development Indicators
SL.TLF.ACTI.MA.ZS,"Labor force participation rate, male (% of male population ages 15-64) (modeled ILO estimate)",Social Protection & Labor,World Development Indicators
SL.TLF.ACTI.ZS,"Labor force participation rate, total (% of total population ages 15-64) (modeled ILO estimate)",Social Protection & Labor,World Development Indicators
SL.TLF.CACT.FE.ZS,"Labor force participation rate, female (% of female population ages 15+) (modeled ILO estimate)",Gender,World Development Indicators
SL.TLF.CACT.FM.ZS,Ratio of female to male labor force participation rate (%) (modeled ILO estimate),Social Protection & Labor,World Development Indicators
SL.TLF.CACT.MA.ZS,"Labor force participation rate, male (% of male population ages 15+) (modeled ILO estimate)",Social Protection & Labor,World Development Indicators
SL.TLF.CACT.ZS,"Labor force participation rate, total (% of total population ages 15+) (modeled ILO estimate)",Social Protection & Labor,World Development Indicators
SL.TLF.TOTL.FE.IN,"Labor force, female",Gender,Gender Statistics
SL.TLF.TOTL.FE.ZS,"Labor force, female (% of total labor force)",Gender,World Development Indicators
SL.TLF.TOTL.IN,"Labor force, total",Social Protection & Labor,World Development Indicators
SL.UEM.1524.FE.ZS,"Unemployment, youth female (% of female labor force ages 15-24) (modeled ILO estimate)",Gender,World Development Indicators
SL.UEM.1524.FM.ZS,Ratio of female to male youth unemployment rate (% ages 15-24) (modeled ILO estimate),Gender,Gender Statistics
SL.UEM.1524.MA.ZS,"Unemployment, youth male (% of male labor force ages 15-24) (modeled ILO estimate)",Social Protection & Labor,World Development Indicators
SL.UEM.1524.NE.ZS,"Unemployment, youth total (% of total labor force ages 15-24) (national estimate)",Social Protection & Labor,World Development Indicators
SL.UEM.1524.ZS,"Unemployment, youth total (% of total labor force ages 15-24) (modeled ILO estimate)",Social Protection & Labor,World Development Indicators
SL.UEM.NEET.FE.ME.ZS,"Share of youth not in education, employment or training, female (% of female youth population) (modeled ILO estimate)",Social Protection & Labor,World Development Indicators
SL.UEM.NEET.MA.ME.ZS,"Share of youth not in education, employment or training, male (% of male youth population)  (modeled ILO estimate)",Social Protection & Labor,World Development Indicators
SL.UEM.NEET.ME.ZS,"Share of youth not in education, employment or training, total (% of youth population)  (modeled ILO estimate)",Social Protection & Labor,World Development Indicators
SL.UEM.TOTL.FE.ZS,"Unemployment, female (% of female labor force) (modeled ILO estimate)",Gender,World Development Indicators
SL.UEM.TOTL.MA.ZS,"Unemployment, male (% of male labor force) (modeled ILO estimate)",Social Protection & Labor,World Development Indicators
SL.UEM.TOTL.NE.ZS,"Unemployment, total (% of total labor force) (national estimate)",Social Protection & Labor,World Development Indicators
SL.UEM.TOTL.ZS,"Unemployment, total (% of total labor force) (modeled ILO estimate)",Social Protection & Labor,World Development Indicators
SM.POP.NETM,Net migration,Financial Sector,World Development Indicators
SN.ITK.DEFC.ZS,Prevalence of undernourishment (% of population),Health,World Development Indicators
SP.ADO.TFRT,"Adolescent fertility rate (births per 1,000 women ages 15-19)",Gender,World Development Indicators
SP.DYN.AMRT.FE,"Mortality rate, adult, female (per 1,000 female adults)",Gender,World Development Indicators
SP.DYN.AMRT.MA,"Mortality rate, adult, male (per 1,000 male adults)",Gender,World Development Indicators
SP.DYN.CBRT.IN,"Birth rate, crude (per 1,000 people)",Health,World Development Indicators
SP.DYN.CDRT.IN,"Death rate, crude (per 1,000 people)",Health,World Development Indicators
SP.DYN.IMRT.FE.IN,"Mortality rate, infant, female (per 1,000 live births)",Health,World Development Indicators
SP.DYN.IMRT.IN,"Mortality rate, infant (per 1,000 live births)",Health,World Development Indicators
SP.DYN.IMRT.MA.IN,"Mortality rate, infant, male (per 1,000 live births)",Health,World Development Indicators
SP.DYN.LE00.FE.IN,"Life expectancy at birth, female (years)",Gender,World Development Indicators
SP.DYN.LE00.IN,"Life expectancy at birth, total (years)",Health,World Development Indicators
SP.DYN.LE00.MA.IN,"Life expectancy at birth, male (years)",Gender,World Development Indicators
SP.DYN.TFRT.IN,"Fertility rate, total (births per woman)",Gender,World Development Indicators
SP.DYN.TO65.FE.ZS,"Survival to age 65, female (% of cohort)",Gender,World Development Indicators
SP.DYN.TO65.MA.ZS,"Survival to age 65, male (% of cohort)",Gender,World Development Indicators
SP.POP.0004.FE.5Y,"Population ages 00-04, female (% of female population)",Health,World Development Indicators
SP.POP.0004.MA.5Y,"Population ages 00-04, male (% of male population)",Health,World Development Indicators
SP.POP.0014.FE.IN,"Population ages 0-14, female",Health,World Development Indicators
SP.POP.0014.FE.ZS,"Population ages 0-14, female (% of female population)",Health,World Development Indicators
SP.POP.0014.MA.IN,"Population ages 0-14, male",Health,World Development Indicators
SP.POP.0014.MA.ZS,"Population ages 0-14, male (% of male population)",Health,World Development Indicators
SP.POP.0014.TO,"Population ages 0-14, total",Health,World Development Indicators
SP.POP.0014.TO.ZS,Population ages 0-14 (% of total population),Health,World Development Indicators
SP.POP.0509.FE.5Y,"Population ages 05-09, female (% of female population)",Health,World Development Indicators
SP.POP.0509.MA.5Y,"Population ages 05-09, male (% of male population)",Health,World Development Indicators
SP.POP.1014.FE.5Y,"Population ages 10-14, female (% of female population)",Health,World Development Indicators
SP.POP.1014.MA.5Y,"Population ages 10-14, male (% of male population)",Health,World Development Indicators
SP.POP.1519.FE.5Y,"Population ages 15-19, female (% of female population)",Health,World Development Indicators
SP.POP.1519.MA.5Y,"Population ages 15-19, male (% of male population)",Health,World Development Indicators
SP.POP.1564.FE.IN,"Population ages 15-64, female",Health,World Development Indicators
SP.POP.1564.FE.ZS,"Population ages 15-64, female (% of female population)",Health,World Development Indicators
SP.POP.1564.MA.IN,"Population ages 15-64, male",Health,World Development Indicators
SP.POP.1564.MA.ZS,"Population ages 15-64, male (% of male population)",Health,World Development Indicators
SP.POP.1564.TO,"Population ages 15-64, total",Health,World Development Indicators
SP.POP.1564.TO.ZS,Population ages 15-64 (% of total population),Health,World Development Indicators
SP.POP.2024.FE.5Y,"Population ages 20-24, female (% of female population)",Health,World Development Indicators
SP.POP.2024.MA.5Y,"Population ages 20-24, male (% of male population)",Health,World Development Indicators
SP.POP.2529.FE.5Y,"Population ages 25-29, female (% of female population)",Health,World Development Indicators
SP.POP.2529.MA.5Y,"Population ages 25-29, male (% of male population)",Health,World Development Indicators
SP.POP.3034.FE.5Y,"Population ages 30-34, female (% of female population)",Health,World Development Indicators
SP.POP.3034.MA.5Y,"Population ages 30-34, male (% of male population)",Health,World Development Indicators
SP.POP.3539.FE.5Y,"Population ages 35-39, female (% of female population)",Health,World Development Indicators
SP.POP.3539.MA.5Y,"Population ages 35-39, male (% of male population)",Health,World Development Indicators
SP.POP.4044.FE.5Y,"Population ages 40-44, female (% of female population)",Health,World Development Indicators
SP.POP.4044.MA.5Y,"Population ages 40-44, male (% of male population)",Health,World Development Indicators
SP.POP.4549.FE.5Y,"Population ages 45-49, female (% of female population)",Health,World Development Indicators
SP.POP.4549.MA.5Y,"Population ages 45-49, male (% of male population)",Health,World Development Indicators
SP.POP.5054.FE.5Y,"Population ages 50-54, female (% of female population)",Health,World Development Indicators
SP.POP.5054.MA.5Y,"Population ages 50-54, male (% of male population)",Health,World Development Indicators
SP.POP.5559.FE.5Y,"Population ages 55-59, female (% of female population)",Health,World Development Indicators
SP.POP.5559.MA.5Y,"Population ages 55-59, male (% of male population)",Health,World Development Indicators
SP.POP.6064.FE.5Y,"Population ages 60-64, female (% of female population)",Health,World Development Indicators
SP.POP.6064.MA.5Y,"Population ages 60-64, male (% of male population)",Health,World Development Indicators
SP.POP.6569.FE.5Y,"Population ages 65-69, female (% of female population)",Health,World Development Indicators
SP.POP.6569.MA.5Y,"Population ages 65-69, male (% of male population)",Health,World Development Indicators
SP.POP.65UP.FE.IN,"Population ages 65 and above, female",Health,World Development Indicators
SP.POP.65UP.FE.ZS,"Population ages 65 and above, female (% of female population)",Health,World Development Indicators
SP.POP.65UP.MA.IN,"Population ages 65 and above, male",Health,World Development Indicators
SP.POP.65UP.MA.ZS,"Population ages 65 and above, male (% of male population)",Health,World Development Indicators
SP.POP.65UP.TO,"Population ages 65 and above, total",Health,World Development Indicators
SP.POP.65UP.TO.ZS,Population ages 65 and above (% of total population),Health,World Development Indicators
SP.POP.7074.FE.5Y,"Population ages 70-74, female (% of female population)",Health,World Development Indicators
SP.POP.7074.MA.5Y,"Population ages 70-74, male (% of male population)",Health,World Development Indicators
SP.POP.7579.FE.5Y,"Population ages 75-79, female (% of female population)",Health,World Development Indicators
SP.POP.7579.MA.5Y,"Population ages 75-79, male (% of male population)",Health,World Development Indicators
SP.POP.80UP.FE,"Population ages 80 and above, female",Health,Health Nutrition and Population Statistics
SP.POP.80UP.FE.5Y,"Population ages 80 and above, female (% of female population)",Health,World Development Indicators
SP.POP.80UP.MA.5Y,"Population ages 80 and above, male (% of male population)",Health,World Development Indicators
SP.POP.BRTH.MF,Sex ratio at birth (male births per female births),Health,World Development Indicators
SP.POP.DPND,Age dependency ratio (% of working-age population),Health,World Development Indicators
SP.POP.DPND.OL,"Age dependency ratio, old (% of working-age population)",Health,World Development Indicators
SP.POP.DPND.YG,"Age dependency ratio, young (% of working-age population)",Health,World Development Indicators
SP.POP.GROW,Population growth (annual %),Climate Change,World Development Indicators
SP.POP.TOTL,"Population, total",Climate Change,World Development Indicators
SP.POP.TOTL.FE.IN,"Population, female",Health,World Development Indicators
SP.POP.TOTL.FE.ZS,"Population, female (% of total population)",Health,World Development Indicators
SP.POP.TOTL.MA.IN,"Population, male",Health,World Development Indicators
SP.POP.TOTL.MA.ZS,"Population, male (% of total population)",Health,World Development Indicators
SP.RUR.TOTL,Rural population,Agriculture & Rural Development,World Development Indicators
SP.RUR.TOTL.ZG,Rural population growth (annual %),Agriculture & Rural Development,World Development Indicators
SP.RUR.TOTL.ZS,Rural population (% of total population),Agriculture & Rural Development,World Development Indicators
SP.URB.GROW,Urban population growth (annual %),Urban Development,World Development Indicators
SP.URB.TOTL,Urban population,Urban Development,World Development Indicators
SP.URB.TOTL.IN.ZS,Urban population (% of total population),Urban Development,World Development Indicators
TG.VAL.TOTL.GD.ZS,Merchandise trade (% of GDP),Trade,World Development Indicators
TM.VAL.AGRI.ZS.UN,Agricultural raw materials imports (% of merchandise imports),Agriculture & Rural Development,World Development Indicators
TM.VAL.FOOD.ZS.UN,Food imports (% of merchandise imports),Trade,World Development Indicators
TM.VAL.FUEL.ZS.UN,Fuel imports (% of merchandise imports),Trade,World Development Indicators
TM.VAL.ICTG.ZS.UN,ICT goods imports (% total goods imports),Private Sector,World Development Indicators
TM.VAL.INSF.ZS.WT,Insurance and financial services (% of commercial service imports),Trade,World Development Indicators
TM.VAL.MANF.ZS.UN,Manufactures imports (% of merchandise imports),Trade,World Development Indicators
TM.VAL.MMTL.ZS.UN,Ores and metals imports (% of merchandise imports),Trade,World Development Indicators
TM.VAL.MRCH.AL.ZS,Merchandise imports from economies in the Arab World (% of total merchandise imports),Trade,World Development Indicators
TM.VAL.MRCH.CD.WT,Merchandise imports (current US$),Private Sector,World Development Indicators
TM.VAL.MRCH.HI.ZS,Merchandise imports from high-income economies (% of total merchandise imports),Private Sector,World Development Indicators
TM.VAL.MRCH.OR.ZS,Merchandise imports from low- and middle-income economies outside region (% of total merchandise imports),Private Sector,World Development Indicators
TM.VAL.MRCH.R1.ZS,Merchandise imports from low- and middle-income economies in East Asia & Pacific (% of total merchandise imports),Trade,World Development Indicators
TM.VAL.MRCH.R2.ZS,Merchandise imports from low- and middle-income economies in Europe & Central Asia (% of total merchandise imports),Private Sector,World Development Indicators
TM.VAL.MRCH.R3.ZS,Merchandise imports from low- and middle-income economies in Latin America & the Caribbean (% of total merchandise imports),Private Sector,World Development Indicators
TM.VAL.MRCH.R4.ZS,Merchandise imports from low- and middle-income economies in Middle East & North Africa (% of total merchandise imports),Private Sector,World Development Indicators
TM.VAL.MRCH.R5.ZS,Merchandise imports from low- and middle-income economies in South Asia (% of total merchandise imports),Private Sector,World Development Indicators
TM.VAL.MRCH.R6.ZS,Merchandise imports from low- and middle-income economies in Sub-Saharan Africa (% of total merchandise imports),Private Sector,World Development Indicators
TM.VAL.MRCH.RS.ZS,"Merchandise imports by the reporting economy, residual (% of total merchandise imports)",Trade,World Development Indicators
TM.VAL.MRCH.WL.CD,Merchandise imports by the reporting economy (current US$),Trade,World Development Indicators
TM.VAL.MRCH.WR.ZS,Merchandise imports from low- and middle-income economies within region (% of total merchandise imports),Private Sector,World Development Indicators
TM.VAL.OTHR.ZS.WT,"Computer, communications and other services (% of commercial service imports)",Private Sector,World Development Indicators
TM.VAL.SERV.CD.WT,Commercial service imports (current US$),Trade,World Development Indicators
TM.VAL.TRAN.ZS.WT,Transport services (% of commercial service imports),Private Sector,World Development Indicators
TM.VAL.TRVL.ZS.WT,Travel services (% of commercial service imports),Private Sector,World Development Indicators
TX.VAL.AGRI.ZS.UN,Agricultural raw materials exports (% of merchandise exports),Trade,World Development Indicators
TX.VAL.FOOD.ZS.UN,Food exports (% of merchandise exports),Trade,World Development Indicators
TX.VAL.FUEL.ZS.UN,Fuel exports (% of merchandise exports),Trade,World Development Indicators
TX.VAL.ICTG.ZS.UN,ICT goods exports (% of total goods exports),Trade,World Development Indicators
TX.VAL.INSF.ZS.WT,Insurance and financial services (% of commercial service exports),Trade,World Development Indicators
TX.VAL.MANF.ZS.UN,Manufactures exports (% of merchandise exports),Trade,World Development Indicators
TX.VAL.MMTL.ZS.UN,Ores and metals exports (% of merchandise exports),Trade,World Development Indicators
TX.VAL.MRCH.AL.ZS,Merchandise exports to economies in the Arab World (% of total merchandise exports),Trade,World Development Indicators
TX.VAL.MRCH.CD.WT,Merchandise exports (current US$),Trade,World Development Indicators
TX.VAL.MRCH.HI.ZS,Merchandise exports to high-income economies (% of total merchandise exports),Private Sector,World Development Indicators
TX.VAL.MRCH.OR.ZS,Merchandise exports to low- and middle-income economies outside region (% of total merchandise exports),Private Sector,World Development Indicators
TX.VAL.MRCH.R1.ZS,Merchandise exports to low- and middle-income economies in East Asia & Pacific (% of total merchandise exports),Trade,World Development Indicators
TX.VAL.MRCH.R2.ZS,Merchandise exports to low- and middle-income economies in Europe & Central Asia (% of total merchandise exports),Trade,World Development Indicators
TX.VAL.MRCH.R3.ZS,Merchandise exports to low- and middle-income economies in Latin America & the Caribbean (% of total merchandise exports),Trade,World Development Indicators
TX.VAL.MRCH.R4.ZS,Merchandise exports to low- and middle-income economies in Middle East & North Africa (% of total merchandise exports),Private Sector,World Development Indicators
TX.VAL.MRCH.R5.ZS,Merchandise exports to low- and middle-income economies in South Asia (% of total merchandise exports),Private Sector,World Development Indicators
TX.VAL.MRCH.R6.ZS,Merchandise exports to low- and middle-income economies in Sub-Saharan Africa (% of total merchandise exports),Private Sector,World Development Indicators
TX.VAL.MRCH.RS.ZS,"Merchandise exports by the reporting economy, residual (% of total merchandise exports)",Trade,World Development Indicators
TX.VAL.MRCH.WL.CD,Merchandise exports by the reporting economy (current US$),Trade,World Development Indicators
TX.VAL.MRCH.WR.ZS,Merchandise exports to low- and middle-income economies within region (% of total merchandise exports),Private Sector,World Development Indicators
TX.VAL.OTHR.ZS.WT,"Computer, communications and other services (% of commercial service exports)",Private Sector,World Development Indicators
TX.VAL.SERV.CD.WT,Commercial service exports (current US$),Trade,World Development Indicators
TX.VAL.TECH.CD,High-technology exports (current US$),Science & Technology,World Development Indicators
TX.VAL.TECH.MF.ZS,High-technology exports (% of manufactured exports),Science & Technology,World Development Indicators
TX.VAL.TRAN.ZS.WT,Transport services (% of commercial service exports),Private Sector,World Development Indicators
TX.VAL.TRVL.ZS.WT,Travel services (% of commercial service exports),Private Sector,World Development Indicators
VC.IDP.NWDS,"Internally displaced persons, new displacement associated with disasters (number of cases)",Public Sector,World Development Indicators
VC.IHR.PSRC.FE.P5,"Intentional homicides, female (per 100,000 female)",Public Sector,World Development Indicators
VC.IHR.PSRC.MA.P5,"Intentional homicides, male (per 100,000 male)",Public Sector,World Development Indicators
VC.IHR.PSRC.P5,"Intentional homicides (per 100,000 people)",Public Sector,World Development Indicators
